,mean_fit_time,std_fit_time,mean_score_time,std_score_time,params,split0_test_score,split1_test_score,mean_test_score,std_test_score,rank_test_score,split0_train_score,split1_train_score,mean_train_score,std_train_score
0,0.022993922233581543,0.0021151304244995117,0.04154253005981445,0.0014433860778808594,{},0.8425925925925926,0.8404558404558404,0.8415242165242165,0.0010683760683760646,1,0.8575498575498576,0.8696581196581197,0.8636039886039886,0.006054131054131051
