,mean_fit_time,std_fit_time,mean_score_time,std_score_time,params,split0_test_score,split1_test_score,mean_test_score,std_test_score,rank_test_score,split0_train_score,split1_train_score,mean_train_score,std_train_score
0,0.02301168441772461,0.0,0.05373954772949219,0.0,{},0.7678062678062678,0.7542735042735043,0.761039886039886,0.006766381766381779,1,0.7784900284900285,0.782051282051282,0.7802706552706553,0.0017806267806267928
