,mean_fit_time,std_fit_time,mean_score_time,std_score_time,param_clf__n_neighbors,params,split0_test_score,split1_test_score,mean_test_score,std_test_score,rank_test_score,split0_train_score,split1_train_score,mean_train_score,std_train_score
0,0.04909992218017578,0.012851953506469727,0.20256555080413818,0.06474077701568604,1,{'clf__n_neighbors': 1},0.9301994301994302,0.9252136752136753,0.9277065527065527,0.0024928774928774655,1,1.0,1.0,1.0,0.0
1,0.04134345054626465,0.016144275665283203,0.23241901397705078,0.010534048080444336,2,{'clf__n_neighbors': 2},0.8988603988603988,0.9123931623931624,0.9056267806267806,0.006766381766381779,2,0.9665242165242165,0.9665242165242165,0.9665242165242165,0.0
2,0.03415572643280029,0.017119526863098145,0.2553863525390625,0.006210803985595703,3,{'clf__n_neighbors': 3},0.9031339031339032,0.9038461538461539,0.9034900284900285,0.00035612535612533636,3,0.9729344729344729,0.9686609686609686,0.9707977207977208,0.002136752136752129
3,0.018523335456848145,0.004335761070251465,0.24202203750610352,0.04741954803466797,4,{'clf__n_neighbors': 4},0.9031339031339032,0.9002849002849003,0.9017094017094017,0.0014245014245014564,4,0.9565527065527065,0.9515669515669516,0.954059829059829,0.0024928774928774655
