,mean_fit_time,std_fit_time,mean_score_time,std_score_time,param_clf__C,params,split0_test_score,split1_test_score,mean_test_score,std_test_score,rank_test_score,split0_train_score,split1_train_score,mean_train_score,std_train_score
0,0.29093635082244873,0.018374323844909668,0.0681840181350708,0.0021055936813354492,0.1,{'clf__C': 0.1},0.98005698005698,0.9871794871794872,0.9836182336182336,0.0035612535612535856,4,0.9935897435897436,0.9921652421652422,0.9928774928774928,0.0007122507122507282
1,0.28422117233276367,0.009657859802246094,0.06471872329711914,0.0004851818084716797,1,{'clf__C': 1},0.9850427350427351,0.9921652421652422,0.9886039886039886,0.00356125356125353,3,0.9992877492877493,0.9935897435897436,0.9964387464387465,0.0028490028490028574
2,0.34785544872283936,0.048892855644226074,0.06532847881317139,0.00198519229888916,10,{'clf__C': 10},0.9857549857549858,0.9978632478632479,0.9918091168091168,0.006054131054131051,1,1.0,0.9978632478632479,0.9989316239316239,0.0010683760683760646
3,2.393881916999817,2.102944016456604,0.06403791904449463,0.009375929832458496,100,{'clf__C': 100},0.9857549857549858,0.9978632478632479,0.9918091168091168,0.006054131054131051,1,1.0,0.9978632478632479,0.9989316239316239,0.0010683760683760646
