,mean_fit_time,std_fit_time,mean_score_time,std_score_time,param_clf__C,params,split0_test_score,split1_test_score,mean_test_score,std_test_score,rank_test_score,split0_train_score,split1_train_score,mean_train_score,std_train_score
0,0.5278662443161011,0.13600385189056396,0.08575713634490967,0.03101813793182373,0.1,{'clf__C': 0.1},0.9943019943019943,0.9964387464387464,0.9953703703703703,0.0010683760683760646,1,1.0,1.0,1.0,0.0
1,0.47040653228759766,0.10178709030151367,0.06403219699859619,0.012507796287536621,1,{'clf__C': 1},0.9943019943019943,0.9964387464387464,0.9953703703703703,0.0010683760683760646,1,1.0,1.0,1.0,0.0
2,0.49764490127563477,0.156358003616333,0.05253922939300537,0.0005530118942260742,10,{'clf__C': 10},0.9943019943019943,0.9964387464387464,0.9953703703703703,0.0010683760683760646,1,1.0,1.0,1.0,0.0
3,0.4052255153656006,0.05402517318725586,0.05066561698913574,0.0008699893951416016,100,{'clf__C': 100},0.9943019943019943,0.9964387464387464,0.9953703703703703,0.0010683760683760646,1,1.0,1.0,1.0,0.0
