,mean_fit_time,std_fit_time,mean_score_time,std_score_time,param_clf__C,param_clf__degree,params,split0_test_score,split1_test_score,mean_test_score,std_test_score,rank_test_score,split0_train_score,split1_train_score,mean_train_score,std_train_score
0,2.534611701965332,0.0321803092956543,0.5066640377044678,0.08117079734802246,0.1,2,"{'clf__C': 0.1, 'clf__degree': 2}",0.6310541310541311,0.665954415954416,0.6485042735042735,0.017450142450142425,7,0.6588319088319088,0.6866096866096866,0.6727207977207976,0.013888888888888895
1,2.4414827823638916,0.008769750595092773,0.5767863988876343,0.016240239143371582,0.1,3,"{'clf__C': 0.1, 'clf__degree': 3}",0.5733618233618234,0.603988603988604,0.5886752136752137,0.015313390313390296,8,0.5911680911680912,0.6431623931623932,0.6171652421652423,0.025997150997150997
2,1.6684248447418213,0.037004947662353516,0.6687233448028564,0.01542520523071289,1,2,"{'clf__C': 1, 'clf__degree': 2}",0.9145299145299145,0.9223646723646723,0.9184472934472934,0.003917378917378922,5,0.9444444444444444,0.9622507122507122,0.9533475783475783,0.008903133903133909
3,1.673923373222351,0.06952464580535889,0.5872237682342529,0.06495523452758789,1,3,"{'clf__C': 1, 'clf__degree': 3}",0.8782051282051282,0.9009971509971509,0.8896011396011396,0.011396011396011374,6,0.915954415954416,0.9294871794871795,0.9227207977207977,0.006766381766381779
4,1.14833664894104,0.014533519744873047,0.5345911979675293,0.019016265869140625,10,2,"{'clf__C': 10, 'clf__degree': 2}",0.9658119658119658,0.967948717948718,0.9668803418803419,0.0010683760683760646,3,0.9950142450142451,0.9928774928774928,0.9939458689458689,0.00106837606837612
5,0.9244451522827148,0.05123162269592285,0.32018399238586426,0.01384592056274414,10,3,"{'clf__C': 10, 'clf__degree': 3}",0.9643874643874644,0.9650997150997151,0.9647435897435898,0.00035612535612539187,4,0.9886039886039886,0.9935897435897436,0.9910968660968661,0.002492877492877521
6,1.1419610977172852,0.03136157989501953,0.6268743276596069,0.015056014060974121,100,2,"{'clf__C': 100, 'clf__degree': 2}",0.9686609686609686,0.9793447293447294,0.974002849002849,0.005341880341880378,1,1.0,0.9992877492877493,0.9996438746438747,0.00035612535612533636
7,0.8283214569091797,0.010242700576782227,0.271645188331604,0.00875246524810791,100,3,"{'clf__C': 100, 'clf__degree': 3}",0.9779202279202279,0.9693732193732194,0.9736467236467237,0.004273504273504258,2,1.0,0.9992877492877493,0.9996438746438747,0.00035612535612533636
