,mean_fit_time,std_fit_time,mean_score_time,std_score_time,param_clf__C,param_clf__degree,params,split0_test_score,split1_test_score,mean_test_score,std_test_score,rank_test_score,split0_train_score,split1_train_score,mean_train_score,std_train_score
0,2.259280562400818,0.22931015491485596,0.35705673694610596,0.03958570957183838,0.1,2,"{'clf__C': 0.1, 'clf__degree': 2}",0.7129629629629629,0.75997150997151,0.7364672364672364,0.023504273504273532,7,0.7613960113960114,0.7849002849002849,0.7731481481481481,0.01175213675213671
1,2.2263962030410767,0.04822051525115967,0.43256664276123047,0.01324915885925293,0.1,3,"{'clf__C': 0.1, 'clf__degree': 3}",0.5584045584045584,0.6004273504273504,0.5794159544159544,0.02101139601139601,8,0.6075498575498576,0.6189458689458689,0.6132478632478633,0.005698005698005658
2,1.3829481601715088,0.15845799446105957,0.22121679782867432,0.015532374382019043,1,2,"{'clf__C': 1, 'clf__degree': 2}",0.9857549857549858,0.9871794871794872,0.9864672364672364,0.0007122507122507282,4,0.9964387464387464,0.9950142450142451,0.9957264957264957,0.0007122507122506727
3,1.204722285270691,0.0847402811050415,0.16423285007476807,0.004251837730407715,1,3,"{'clf__C': 1, 'clf__degree': 3}",0.9344729344729344,0.9508547008547008,0.9426638176638176,0.00819088319088318,6,0.9508547008547008,0.9722222222222222,0.9615384615384615,0.010683760683760701
4,1.069388508796692,0.6744867563247681,0.2582840919494629,0.08329629898071289,10,2,"{'clf__C': 10, 'clf__degree': 2}",0.9914529914529915,0.9921652421652422,0.9918091168091168,0.00035612535612533636,2,1.0,1.0,1.0,0.0
5,1.3202612400054932,0.5133459568023682,0.16067004203796387,0.06441187858581543,10,3,"{'clf__C': 10, 'clf__degree': 3}",0.9843304843304843,0.9878917378917379,0.9861111111111112,0.0017806267806267928,5,1.0,0.9992877492877493,0.9996438746438747,0.00035612535612533636
6,1.6122418642044067,0.41819775104522705,0.22687530517578125,0.007805824279785156,100,2,"{'clf__C': 100, 'clf__degree': 2}",0.9914529914529915,0.9928774928774928,0.9921652421652422,0.0007122507122506727,1,1.0,1.0,1.0,0.0
7,1.4794877767562866,0.10234439373016357,0.17374062538146973,0.03886890411376953,100,3,"{'clf__C': 100, 'clf__degree': 3}",0.9864672364672364,0.9893162393162394,0.9878917378917379,0.0014245014245014564,3,1.0,1.0,1.0,0.0
